step,raw_hrv,raw_eda,action,tempo_bin,complexity_bin,output_file
0,74.71487753566934,5.421718320637544,0,TEMPO_SLOW,COMPLEXITY_LOW,step000_TEMPO_SLOW_COMPLEXITY_LOW.mid
1,55.83722297747523,5.159829884837662,0,TEMPO_SLOW,COMPLEXITY_LOW,step001_TEMPO_SLOW_COMPLEXITY_LOW.mid
2,100.54274482733682,5.004387374334158,0,TEMPO_SLOW,COMPLEXITY_LOW,step002_TEMPO_SLOW_COMPLEXITY_LOW.mid
3,100.51652316197288,4.815652004400838,0,TEMPO_SLOW,COMPLEXITY_LOW,step003_TEMPO_SLOW_COMPLEXITY_LOW.mid
4,94.0798618630112,4.739244071905748,0,TEMPO_SLOW,COMPLEXITY_LOW,step004_TEMPO_SLOW_COMPLEXITY_LOW.mid
5,82.13184567639706,4.596532175426978,0,TEMPO_SLOW,COMPLEXITY_LOW,step005_TEMPO_SLOW_COMPLEXITY_LOW.mid
6,50.003174502399936,4.448551554729815,0,TEMPO_SLOW,COMPLEXITY_LOW,step006_TEMPO_SLOW_COMPLEXITY_LOW.mid
7,48.04759545046381,4.304037281988556,0,TEMPO_SLOW,COMPLEXITY_LOW,step007_TEMPO_SLOW_COMPLEXITY_LOW.mid
8,95.15498538196869,4.177769028687045,0,TEMPO_SLOW,COMPLEXITY_LOW,step008_TEMPO_SLOW_COMPLEXITY_LOW.mid
9,31.109855821776147,4.035182643178619,0,TEMPO_SLOW,COMPLEXITY_LOW,step009_TEMPO_SLOW_COMPLEXITY_LOW.mid
10,33.25927146408947,3.921387414015609,0,TEMPO_SLOW,COMPLEXITY_LOW,step010_TEMPO_SLOW_COMPLEXITY_LOW.mid
11,43.4427522985449,3.820388280041476,0,TEMPO_SLOW,COMPLEXITY_LOW,step011_TEMPO_SLOW_COMPLEXITY_LOW.mid
12,73.90454712781751,3.735922222024185,0,TEMPO_SLOW,COMPLEXITY_LOW,step012_TEMPO_SLOW_COMPLEXITY_LOW.mid
13,66.54154925892378,3.6354846316363534,0,TEMPO_SLOW,COMPLEXITY_LOW,step013_TEMPO_SLOW_COMPLEXITY_LOW.mid
14,52.83818543861316,3.527315200541964,0,TEMPO_SLOW,COMPLEXITY_LOW,step014_TEMPO_SLOW_COMPLEXITY_LOW.mid
15,67.01655247402707,3.4289162629338223,0,TEMPO_SLOW,COMPLEXITY_LOW,step015_TEMPO_SLOW_COMPLEXITY_LOW.mid
16,67.9502664723788,3.333964817345439,0,TEMPO_SLOW,COMPLEXITY_LOW,step016_TEMPO_SLOW_COMPLEXITY_LOW.mid
17,84.29002483657922,3.381003482394333,0,TEMPO_SLOW,COMPLEXITY_LOW,step017_TEMPO_SLOW_COMPLEXITY_LOW.mid
18,50.662056718314375,3.2700986296609456,0,TEMPO_SLOW,COMPLEXITY_LOW,step018_TEMPO_SLOW_COMPLEXITY_LOW.mid
19,35.38759674957563,3.1637120120827773,0,TEMPO_SLOW,COMPLEXITY_LOW,step019_TEMPO_SLOW_COMPLEXITY_LOW.mid
20,43.30844630480074,3.068604405717079,0,TEMPO_SLOW,COMPLEXITY_LOW,step020_TEMPO_SLOW_COMPLEXITY_LOW.mid
21,40.23203673747269,2.9837516014699017,0,TEMPO_SLOW,COMPLEXITY_LOW,step021_TEMPO_SLOW_COMPLEXITY_LOW.mid
22,64.21410152668496,2.9046435038663696,0,TEMPO_SLOW,COMPLEXITY_LOW,step022_TEMPO_SLOW_COMPLEXITY_LOW.mid
23,59.34563810344247,2.81811134918843,0,TEMPO_SLOW,COMPLEXITY_LOW,step023_TEMPO_SLOW_COMPLEXITY_LOW.mid
24,65.63151195714659,2.7442739758993464,0,TEMPO_SLOW,COMPLEXITY_LOW,step024_TEMPO_SLOW_COMPLEXITY_LOW.mid
25,48.3121421567846,2.677152030795374,0,TEMPO_SLOW,COMPLEXITY_LOW,step025_TEMPO_SLOW_COMPLEXITY_LOW.mid
26,42.2155437437528,2.6164034216124854,0,TEMPO_SLOW,COMPLEXITY_LOW,step026_TEMPO_SLOW_COMPLEXITY_LOW.mid
27,48.33485805711404,2.5555622529342727,0,TEMPO_SLOW,COMPLEXITY_LOW,step027_TEMPO_SLOW_COMPLEXITY_LOW.mid
28,63.564496922548656,2.4969582137220248,0,TEMPO_SLOW,COMPLEXITY_LOW,step028_TEMPO_SLOW_COMPLEXITY_LOW.mid
29,61.82118900854981,2.4433503203756506,0,TEMPO_SLOW,COMPLEXITY_LOW,step029_TEMPO_SLOW_COMPLEXITY_LOW.mid
30,47.84351855344354,2.391724456186838,0,TEMPO_SLOW,COMPLEXITY_LOW,step030_TEMPO_SLOW_COMPLEXITY_LOW.mid
31,98.82237959450202,2.3546073894520503,2,TEMPO_FAST,COMPLEXITY_LOW,step031_TEMPO_FAST_COMPLEXITY_LOW.mid
32,102.03113497672275,2.305086506058304,2,TEMPO_FAST,COMPLEXITY_LOW,step032_TEMPO_FAST_COMPLEXITY_LOW.mid
33,56.69447096982872,2.2560582076731737,0,TEMPO_SLOW,COMPLEXITY_LOW,step033_TEMPO_SLOW_COMPLEXITY_LOW.mid
34,59.10212538047845,2.218795927285853,0,TEMPO_SLOW,COMPLEXITY_LOW,step034_TEMPO_SLOW_COMPLEXITY_LOW.mid
35,38.21043189694918,2.181427146936663,0,TEMPO_SLOW,COMPLEXITY_LOW,step035_TEMPO_SLOW_COMPLEXITY_LOW.mid
36,54.87377994468252,2.1417828985363045,0,TEMPO_SLOW,COMPLEXITY_LOW,step036_TEMPO_SLOW_COMPLEXITY_LOW.mid
37,43.26387087618369,2.1057123913393085,0,TEMPO_SLOW,COMPLEXITY_LOW,step037_TEMPO_SLOW_COMPLEXITY_LOW.mid
38,21.17249589822365,2.06818839823117,0,TEMPO_SLOW,COMPLEXITY_LOW,step038_TEMPO_SLOW_COMPLEXITY_LOW.mid
39,45.6529621153681,2.033688342870287,0,TEMPO_SLOW,COMPLEXITY_LOW,step039_TEMPO_SLOW_COMPLEXITY_LOW.mid
40,57.357712956685454,1.9989585609508536,0,TEMPO_SLOW,COMPLEXITY_LOW,step040_TEMPO_SLOW_COMPLEXITY_LOW.mid
41,47.42914514856672,1.970846771411209,0,TEMPO_SLOW,COMPLEXITY_LOW,step041_TEMPO_SLOW_COMPLEXITY_LOW.mid
42,26.843185099217838,1.9308504704871088,0,TEMPO_SLOW,COMPLEXITY_LOW,step042_TEMPO_SLOW_COMPLEXITY_LOW.mid
43,50.201079898798646,1.8990349303363887,0,TEMPO_SLOW,COMPLEXITY_LOW,step043_TEMPO_SLOW_COMPLEXITY_LOW.mid
44,37.73520343434357,1.8786764727724865,0,TEMPO_SLOW,COMPLEXITY_LOW,step044_TEMPO_SLOW_COMPLEXITY_LOW.mid
45,32.285829214828205,1.8480975166707692,0,TEMPO_SLOW,COMPLEXITY_LOW,step045_TEMPO_SLOW_COMPLEXITY_LOW.mid
46,57.8284271282471,1.8160175483538843,0,TEMPO_SLOW,COMPLEXITY_LOW,step046_TEMPO_SLOW_COMPLEXITY_LOW.mid
47,63.74491139791484,1.7946827476363962,0,TEMPO_SLOW,COMPLEXITY_LOW,step047_TEMPO_SLOW_COMPLEXITY_LOW.mid
48,27.63732788084481,1.763768861773707,0,TEMPO_SLOW,COMPLEXITY_LOW,step048_TEMPO_SLOW_COMPLEXITY_LOW.mid
49,65.95556120920939,1.742105845936939,0,TEMPO_SLOW,COMPLEXITY_LOW,step049_TEMPO_SLOW_COMPLEXITY_LOW.mid
50,125.84900298475657,1.7280783573484784,2,TEMPO_FAST,COMPLEXITY_LOW,step050_TEMPO_FAST_COMPLEXITY_LOW.mid
51,59.35459931725022,1.7069606999671212,0,TEMPO_SLOW,COMPLEXITY_LOW,step051_TEMPO_SLOW_COMPLEXITY_LOW.mid
52,60.07169495130648,1.688970618651546,0,TEMPO_SLOW,COMPLEXITY_LOW,step052_TEMPO_SLOW_COMPLEXITY_LOW.mid
53,46.656947481584375,1.6671731772259806,0,TEMPO_SLOW,COMPLEXITY_LOW,step053_TEMPO_SLOW_COMPLEXITY_LOW.mid
54,47.804099311107166,1.6505824536470308,0,TEMPO_SLOW,COMPLEXITY_LOW,step054_TEMPO_SLOW_COMPLEXITY_LOW.mid
55,50.67485205501617,1.6445694541228186,0,TEMPO_SLOW,COMPLEXITY_LOW,step055_TEMPO_SLOW_COMPLEXITY_LOW.mid
56,35.7301552043887,1.613216412922437,0,TEMPO_SLOW,COMPLEXITY_LOW,step056_TEMPO_SLOW_COMPLEXITY_LOW.mid
57,36.754995649780994,1.598713149212257,0,TEMPO_SLOW,COMPLEXITY_LOW,step057_TEMPO_SLOW_COMPLEXITY_LOW.mid
58,32.97941362965707,1.5831364222181616,0,TEMPO_SLOW,COMPLEXITY_LOW,step058_TEMPO_SLOW_COMPLEXITY_LOW.mid
59,37.708972471067774,1.5714908350177148,0,TEMPO_SLOW,COMPLEXITY_LOW,step059_TEMPO_SLOW_COMPLEXITY_LOW.mid
60,48.33861101844719,1.5505091696551758,0,TEMPO_SLOW,COMPLEXITY_LOW,step060_TEMPO_SLOW_COMPLEXITY_LOW.mid
61,76.74186304488089,1.5376200330825724,0,TEMPO_SLOW,COMPLEXITY_LOW,step061_TEMPO_SLOW_COMPLEXITY_LOW.mid
62,70.21008319545653,1.5320361365287536,0,TEMPO_SLOW,COMPLEXITY_LOW,step062_TEMPO_SLOW_COMPLEXITY_LOW.mid
63,31.58285624995594,1.5122372436278126,0,TEMPO_SLOW,COMPLEXITY_LOW,step063_TEMPO_SLOW_COMPLEXITY_LOW.mid
64,49.07789172104189,1.4962870937705666,0,TEMPO_SLOW,COMPLEXITY_LOW,step064_TEMPO_SLOW_COMPLEXITY_LOW.mid
65,40.02521880751644,1.48935768959999,0,TEMPO_SLOW,COMPLEXITY_LOW,step065_TEMPO_SLOW_COMPLEXITY_LOW.mid
66,56.74667857026487,1.4716627282323471,0,TEMPO_SLOW,COMPLEXITY_LOW,step066_TEMPO_SLOW_COMPLEXITY_LOW.mid
67,29.35926778418951,1.4745008838150797,0,TEMPO_SLOW,COMPLEXITY_LOW,step067_TEMPO_SLOW_COMPLEXITY_LOW.mid
68,29.14075622679321,1.4497484838848749,0,TEMPO_SLOW,COMPLEXITY_LOW,step068_TEMPO_SLOW_COMPLEXITY_LOW.mid
69,47.04993246673914,1.43970068908436,0,TEMPO_SLOW,COMPLEXITY_LOW,step069_TEMPO_SLOW_COMPLEXITY_LOW.mid
70,41.18676008560523,1.426325687663784,0,TEMPO_SLOW,COMPLEXITY_LOW,step070_TEMPO_SLOW_COMPLEXITY_LOW.mid
71,82.54891168293564,1.418482348645917,0,TEMPO_SLOW,COMPLEXITY_LOW,step071_TEMPO_SLOW_COMPLEXITY_LOW.mid
72,52.17887032457482,1.410756315323493,0,TEMPO_SLOW,COMPLEXITY_LOW,step072_TEMPO_SLOW_COMPLEXITY_LOW.mid
73,75.39580161832461,1.394780737312476,0,TEMPO_SLOW,COMPLEXITY_LOW,step073_TEMPO_SLOW_COMPLEXITY_LOW.mid
74,39.22838529881044,1.3823339794200442,0,TEMPO_SLOW,COMPLEXITY_LOW,step074_TEMPO_SLOW_COMPLEXITY_LOW.mid
75,35.10140799935829,1.3711846772266054,0,TEMPO_SLOW,COMPLEXITY_LOW,step075_TEMPO_SLOW_COMPLEXITY_LOW.mid
76,44.264762534394585,1.3626885188017004,0,TEMPO_SLOW,COMPLEXITY_LOW,step076_TEMPO_SLOW_COMPLEXITY_LOW.mid
77,41.163504919907865,1.3466347769504912,0,TEMPO_SLOW,COMPLEXITY_LOW,step077_TEMPO_SLOW_COMPLEXITY_LOW.mid
78,44.4224718928415,1.333847493423345,0,TEMPO_SLOW,COMPLEXITY_LOW,step078_TEMPO_SLOW_COMPLEXITY_LOW.mid
79,99.72535982532357,1.3194838940855271,2,TEMPO_FAST,COMPLEXITY_LOW,step079_TEMPO_FAST_COMPLEXITY_LOW.mid
80,42.777969195908256,1.3084665289044524,0,TEMPO_SLOW,COMPLEXITY_LOW,step080_TEMPO_SLOW_COMPLEXITY_LOW.mid
81,32.05514728608289,1.2984203666890628,0,TEMPO_SLOW,COMPLEXITY_LOW,step081_TEMPO_SLOW_COMPLEXITY_LOW.mid
82,25.585536266575293,1.2897064650324843,0,TEMPO_SLOW,COMPLEXITY_LOW,step082_TEMPO_SLOW_COMPLEXITY_LOW.mid
83,41.5267036999255,1.2768180644261744,0,TEMPO_SLOW,COMPLEXITY_LOW,step083_TEMPO_SLOW_COMPLEXITY_LOW.mid
84,46.44651667848327,1.262337616758537,0,TEMPO_SLOW,COMPLEXITY_LOW,step084_TEMPO_SLOW_COMPLEXITY_LOW.mid
85,42.94725975171647,1.2446665431312436,0,TEMPO_SLOW,COMPLEXITY_LOW,step085_TEMPO_SLOW_COMPLEXITY_LOW.mid
86,67.61988597736492,1.235265365812244,0,TEMPO_SLOW,COMPLEXITY_LOW,step086_TEMPO_SLOW_COMPLEXITY_LOW.mid
87,60.01303713236268,1.227148943743286,0,TEMPO_SLOW,COMPLEXITY_LOW,step087_TEMPO_SLOW_COMPLEXITY_LOW.mid
88,67.63933297334744,1.2172803583662852,0,TEMPO_SLOW,COMPLEXITY_LOW,step088_TEMPO_SLOW_COMPLEXITY_LOW.mid
89,56.55345378874743,1.2105080623801918,0,TEMPO_SLOW,COMPLEXITY_LOW,step089_TEMPO_SLOW_COMPLEXITY_LOW.mid
90,125.50351280110628,1.2075869672142905,2,TEMPO_FAST,COMPLEXITY_LOW,step090_TEMPO_FAST_COMPLEXITY_LOW.mid
91,78.99179168742072,1.2005496140481022,0,TEMPO_SLOW,COMPLEXITY_LOW,step091_TEMPO_SLOW_COMPLEXITY_LOW.mid
92,88.611218544539,1.189891368965155,0,TEMPO_SLOW,COMPLEXITY_LOW,step092_TEMPO_SLOW_COMPLEXITY_LOW.mid
93,44.772288562561215,1.1937722800362165,0,TEMPO_SLOW,COMPLEXITY_LOW,step093_TEMPO_SLOW_COMPLEXITY_LOW.mid
94,36.07248937619797,1.1957767173389486,0,TEMPO_SLOW,COMPLEXITY_LOW,step094_TEMPO_SLOW_COMPLEXITY_LOW.mid
95,63.38093449250224,1.1852439004458089,0,TEMPO_SLOW,COMPLEXITY_LOW,step095_TEMPO_SLOW_COMPLEXITY_LOW.mid
96,33.77798663260407,1.1699919708248585,0,TEMPO_SLOW,COMPLEXITY_LOW,step096_TEMPO_SLOW_COMPLEXITY_LOW.mid
97,54.79257563834256,1.1717669146841638,0,TEMPO_SLOW,COMPLEXITY_LOW,step097_TEMPO_SLOW_COMPLEXITY_LOW.mid
98,48.44895857809111,1.1645728786934446,0,TEMPO_SLOW,COMPLEXITY_LOW,step098_TEMPO_SLOW_COMPLEXITY_LOW.mid
99,75.45853781849485,1.1493699478818178,0,TEMPO_SLOW,COMPLEXITY_LOW,step099_TEMPO_SLOW_COMPLEXITY_LOW.mid
100,55.44356471471313,1.1753718934386572,0,TEMPO_SLOW,COMPLEXITY_LOW,step100_TEMPO_SLOW_COMPLEXITY_LOW.mid
101,76.04092465391395,1.152322940799669,0,TEMPO_SLOW,COMPLEXITY_LOW,step101_TEMPO_SLOW_COMPLEXITY_LOW.mid
102,27.113449551241462,1.153495369984754,0,TEMPO_SLOW,COMPLEXITY_LOW,step102_TEMPO_SLOW_COMPLEXITY_LOW.mid
103,30.107414381545865,1.14721728727735,0,TEMPO_SLOW,COMPLEXITY_LOW,step103_TEMPO_SLOW_COMPLEXITY_LOW.mid
104,42.411973665511965,1.139603194263231,0,TEMPO_SLOW,COMPLEXITY_LOW,step104_TEMPO_SLOW_COMPLEXITY_LOW.mid
105,67.36217289890772,1.137095262415029,0,TEMPO_SLOW,COMPLEXITY_LOW,step105_TEMPO_SLOW_COMPLEXITY_LOW.mid
106,39.149587060094014,1.1338036842956454,0,TEMPO_SLOW,COMPLEXITY_LOW,step106_TEMPO_SLOW_COMPLEXITY_LOW.mid
107,45.870674056574046,1.131184763428876,0,TEMPO_SLOW,COMPLEXITY_LOW,step107_TEMPO_SLOW_COMPLEXITY_LOW.mid
108,32.85319005020597,1.1271207368003064,0,TEMPO_SLOW,COMPLEXITY_LOW,step108_TEMPO_SLOW_COMPLEXITY_LOW.mid
109,41.07608669237106,1.1173025031236128,0,TEMPO_SLOW,COMPLEXITY_LOW,step109_TEMPO_SLOW_COMPLEXITY_LOW.mid
110,65.96542918731308,1.1147215388784142,0,TEMPO_SLOW,COMPLEXITY_LOW,step110_TEMPO_SLOW_COMPLEXITY_LOW.mid
111,55.65084077674781,1.1252702495744555,0,TEMPO_SLOW,COMPLEXITY_LOW,step111_TEMPO_SLOW_COMPLEXITY_LOW.mid
112,49.41901166218609,1.0969145378428118,0,TEMPO_SLOW,COMPLEXITY_LOW,step112_TEMPO_SLOW_COMPLEXITY_LOW.mid
113,105.41221321022324,1.0824266798528883,2,TEMPO_FAST,COMPLEXITY_LOW,step113_TEMPO_FAST_COMPLEXITY_LOW.mid
114,46.266694414401215,1.263423757196135,0,TEMPO_SLOW,COMPLEXITY_LOW,step114_TEMPO_SLOW_COMPLEXITY_LOW.mid
115,27.636725427590388,1.238003706058214,0,TEMPO_SLOW,COMPLEXITY_LOW,step115_TEMPO_SLOW_COMPLEXITY_LOW.mid
116,63.73800048157964,1.2193197558355366,0,TEMPO_SLOW,COMPLEXITY_LOW,step116_TEMPO_SLOW_COMPLEXITY_LOW.mid
117,40.467849917342896,1.188617642624067,0,TEMPO_SLOW,COMPLEXITY_LOW,step117_TEMPO_SLOW_COMPLEXITY_LOW.mid
118,23.27007947213449,1.187149326260518,0,TEMPO_SLOW,COMPLEXITY_LOW,step118_TEMPO_SLOW_COMPLEXITY_LOW.mid
119,53.41347565522026,1.181258432093538,0,TEMPO_SLOW,COMPLEXITY_LOW,step119_TEMPO_SLOW_COMPLEXITY_LOW.mid
120,63.516197613737546,1.1794797989735006,0,TEMPO_SLOW,COMPLEXITY_LOW,step120_TEMPO_SLOW_COMPLEXITY_LOW.mid
121,61.22784309672634,1.1784991385167105,0,TEMPO_SLOW,COMPLEXITY_LOW,step121_TEMPO_SLOW_COMPLEXITY_LOW.mid
122,159.28679168000895,1.177514828945952,2,TEMPO_FAST,COMPLEXITY_LOW,step122_TEMPO_FAST_COMPLEXITY_LOW.mid
123,69.61436313528253,1.2639201671444764,0,TEMPO_SLOW,COMPLEXITY_LOW,step123_TEMPO_SLOW_COMPLEXITY_LOW.mid
124,65.75415222115497,1.3002395716364752,0,TEMPO_SLOW,COMPLEXITY_LOW,step124_TEMPO_SLOW_COMPLEXITY_LOW.mid
125,27.497680792743097,1.2875263520300604,0,TEMPO_SLOW,COMPLEXITY_LOW,step125_TEMPO_SLOW_COMPLEXITY_LOW.mid
126,58.074367235252645,1.272622377354978,0,TEMPO_SLOW,COMPLEXITY_LOW,step126_TEMPO_SLOW_COMPLEXITY_LOW.mid
127,59.02893853370213,1.2768820583684697,0,TEMPO_SLOW,COMPLEXITY_LOW,step127_TEMPO_SLOW_COMPLEXITY_LOW.mid
128,40.966976156850926,1.270388324400224,0,TEMPO_SLOW,COMPLEXITY_LOW,step128_TEMPO_SLOW_COMPLEXITY_LOW.mid
129,53.82063249697801,1.2655227836596648,0,TEMPO_SLOW,COMPLEXITY_LOW,step129_TEMPO_SLOW_COMPLEXITY_LOW.mid
130,45.71022709256029,1.2621616019107382,0,TEMPO_SLOW,COMPLEXITY_LOW,step130_TEMPO_SLOW_COMPLEXITY_LOW.mid
131,15.069412679854851,1.2613528135480758,0,TEMPO_SLOW,COMPLEXITY_LOW,step131_TEMPO_SLOW_COMPLEXITY_LOW.mid
132,105.9271286605602,1.274209903834894,2,TEMPO_FAST,COMPLEXITY_LOW,step132_TEMPO_FAST_COMPLEXITY_LOW.mid
133,55.29277782991576,1.378985157660601,0,TEMPO_SLOW,COMPLEXITY_LOW,step133_TEMPO_SLOW_COMPLEXITY_LOW.mid
134,39.9713874164699,1.3893244913258165,0,TEMPO_SLOW,COMPLEXITY_LOW,step134_TEMPO_SLOW_COMPLEXITY_LOW.mid
135,40.82835380097185,1.4136508541998394,0,TEMPO_SLOW,COMPLEXITY_LOW,step135_TEMPO_SLOW_COMPLEXITY_LOW.mid
136,61.24658434558812,1.4202265467304809,0,TEMPO_SLOW,COMPLEXITY_LOW,step136_TEMPO_SLOW_COMPLEXITY_LOW.mid
137,26.359157702878004,1.4261814917234643,0,TEMPO_SLOW,COMPLEXITY_LOW,step137_TEMPO_SLOW_COMPLEXITY_LOW.mid
138,44.45227719064027,1.4195836356445086,0,TEMPO_SLOW,COMPLEXITY_LOW,step138_TEMPO_SLOW_COMPLEXITY_LOW.mid
139,100.1943072037631,1.4046727840506714,2,TEMPO_FAST,COMPLEXITY_LOW,step139_TEMPO_FAST_COMPLEXITY_LOW.mid
140,105.38139349637628,1.453624540479348,2,TEMPO_FAST,COMPLEXITY_LOW,step140_TEMPO_FAST_COMPLEXITY_LOW.mid
141,62.45106928165258,1.45093310038274,0,TEMPO_SLOW,COMPLEXITY_LOW,step141_TEMPO_SLOW_COMPLEXITY_LOW.mid
142,71.64279563903044,1.5425073651194725,0,TEMPO_SLOW,COMPLEXITY_LOW,step142_TEMPO_SLOW_COMPLEXITY_LOW.mid
143,30.8109322091893,1.5178990817644509,0,TEMPO_SLOW,COMPLEXITY_LOW,step143_TEMPO_SLOW_COMPLEXITY_LOW.mid
144,30.7023534659608,1.5129411384763822,0,TEMPO_SLOW,COMPLEXITY_LOW,step144_TEMPO_SLOW_COMPLEXITY_LOW.mid
145,31.199479880858867,1.5053633154811448,0,TEMPO_SLOW,COMPLEXITY_LOW,step145_TEMPO_SLOW_COMPLEXITY_LOW.mid
146,39.68724358844702,1.4963024653268726,0,TEMPO_SLOW,COMPLEXITY_LOW,step146_TEMPO_SLOW_COMPLEXITY_LOW.mid
147,36.1279934530856,1.481536592139208,0,TEMPO_SLOW,COMPLEXITY_LOW,step147_TEMPO_SLOW_COMPLEXITY_LOW.mid
148,31.69602844086203,1.526133044606785,0,TEMPO_SLOW,COMPLEXITY_LOW,step148_TEMPO_SLOW_COMPLEXITY_LOW.mid
149,37.38581874740383,1.6991171101049918,0,TEMPO_SLOW,COMPLEXITY_LOW,step149_TEMPO_SLOW_COMPLEXITY_LOW.mid
150,18.82067180189993,1.7090526884609405,0,TEMPO_SLOW,COMPLEXITY_LOW,step150_TEMPO_SLOW_COMPLEXITY_LOW.mid
151,27.337646913652065,1.8227433982572727,0,TEMPO_SLOW,COMPLEXITY_LOW,step151_TEMPO_SLOW_COMPLEXITY_LOW.mid
152,24.7367087929005,1.812968151889444,0,TEMPO_SLOW,COMPLEXITY_LOW,step152_TEMPO_SLOW_COMPLEXITY_LOW.mid
153,69.12385700088673,1.8725078767141763,0,TEMPO_SLOW,COMPLEXITY_LOW,step153_TEMPO_SLOW_COMPLEXITY_LOW.mid
154,46.19391248877291,1.8065697577672617,0,TEMPO_SLOW,COMPLEXITY_LOW,step154_TEMPO_SLOW_COMPLEXITY_LOW.mid
155,50.10526951723918,1.8546622298421676,0,TEMPO_SLOW,COMPLEXITY_LOW,step155_TEMPO_SLOW_COMPLEXITY_LOW.mid
156,20.85376240173408,1.914674709069175,0,TEMPO_SLOW,COMPLEXITY_LOW,step156_TEMPO_SLOW_COMPLEXITY_LOW.mid
157,24.03074715661964,1.9049461806184516,0,TEMPO_SLOW,COMPLEXITY_LOW,step157_TEMPO_SLOW_COMPLEXITY_LOW.mid
158,39.109759445169175,2.185657506801713,0,TEMPO_SLOW,COMPLEXITY_LOW,step158_TEMPO_SLOW_COMPLEXITY_LOW.mid
159,83.0256533959869,2.3048922128835505,0,TEMPO_SLOW,COMPLEXITY_LOW,step159_TEMPO_SLOW_COMPLEXITY_LOW.mid
160,17.571364046855305,2.4122458892793937,0,TEMPO_SLOW,COMPLEXITY_LOW,step160_TEMPO_SLOW_COMPLEXITY_LOW.mid
161,40.97701363274909,2.3815046768521397,0,TEMPO_SLOW,COMPLEXITY_LOW,step161_TEMPO_SLOW_COMPLEXITY_LOW.mid
162,64.54953082322963,2.504474213135416,0,TEMPO_SLOW,COMPLEXITY_LOW,step162_TEMPO_SLOW_COMPLEXITY_LOW.mid
163,90.21084352462768,2.6342193640272216,0,TEMPO_SLOW,COMPLEXITY_LOW,step163_TEMPO_SLOW_COMPLEXITY_LOW.mid
164,50.45985196651272,2.53512600768641,0,TEMPO_SLOW,COMPLEXITY_LOW,step164_TEMPO_SLOW_COMPLEXITY_LOW.mid
165,26.060677970877773,2.7173092695004724,0,TEMPO_SLOW,COMPLEXITY_LOW,step165_TEMPO_SLOW_COMPLEXITY_LOW.mid
166,28.328185352105223,2.7144915375583274,0,TEMPO_SLOW,COMPLEXITY_LOW,step166_TEMPO_SLOW_COMPLEXITY_LOW.mid
167,52.74048199967879,2.628474646334396,0,TEMPO_SLOW,COMPLEXITY_LOW,step167_TEMPO_SLOW_COMPLEXITY_LOW.mid
168,37.27100769824048,2.6795185606253824,0,TEMPO_SLOW,COMPLEXITY_LOW,step168_TEMPO_SLOW_COMPLEXITY_LOW.mid
169,44.04285688542907,2.9414378079360306,0,TEMPO_SLOW,COMPLEXITY_LOW,step169_TEMPO_SLOW_COMPLEXITY_LOW.mid
170,41.1788262683456,2.923481543870968,0,TEMPO_SLOW,COMPLEXITY_LOW,step170_TEMPO_SLOW_COMPLEXITY_LOW.mid
171,46.37842780047942,2.8764732714549544,0,TEMPO_SLOW,COMPLEXITY_LOW,step171_TEMPO_SLOW_COMPLEXITY_LOW.mid
172,42.58528494100392,2.945143998495854,0,TEMPO_SLOW,COMPLEXITY_LOW,step172_TEMPO_SLOW_COMPLEXITY_LOW.mid
173,31.77261513247245,2.919018837049813,0,TEMPO_SLOW,COMPLEXITY_LOW,step173_TEMPO_SLOW_COMPLEXITY_LOW.mid
174,54.64833885867316,3.1653872990664023,0,TEMPO_SLOW,COMPLEXITY_LOW,step174_TEMPO_SLOW_COMPLEXITY_LOW.mid
175,41.44977563542125,0.9420552165517444,0,TEMPO_SLOW,COMPLEXITY_LOW,step175_TEMPO_SLOW_COMPLEXITY_LOW.mid
176,46.58788296330141,0.9341216595045748,0,TEMPO_SLOW,COMPLEXITY_LOW,step176_TEMPO_SLOW_COMPLEXITY_LOW.mid
177,74.57878696286637,0.929970899115708,0,TEMPO_SLOW,COMPLEXITY_LOW,step177_TEMPO_SLOW_COMPLEXITY_LOW.mid
178,58.33362487779424,0.9191190761939684,0,TEMPO_SLOW,COMPLEXITY_LOW,step178_TEMPO_SLOW_COMPLEXITY_LOW.mid
179,56.75043827934685,0.9173949310277902,0,TEMPO_SLOW,COMPLEXITY_LOW,step179_TEMPO_SLOW_COMPLEXITY_LOW.mid
180,105.19057319618716,0.9311215036632048,2,TEMPO_FAST,COMPLEXITY_LOW,step180_TEMPO_FAST_COMPLEXITY_LOW.mid
181,46.86607057806928,0.93126317750869,0,TEMPO_SLOW,COMPLEXITY_LOW,step181_TEMPO_SLOW_COMPLEXITY_LOW.mid
182,55.59511063511442,0.9280760239966872,0,TEMPO_SLOW,COMPLEXITY_LOW,step182_TEMPO_SLOW_COMPLEXITY_LOW.mid
183,62.15772491364134,0.919123002075462,0,TEMPO_SLOW,COMPLEXITY_LOW,step183_TEMPO_SLOW_COMPLEXITY_LOW.mid
184,64.56069934741065,0.9105528563652256,0,TEMPO_SLOW,COMPLEXITY_LOW,step184_TEMPO_SLOW_COMPLEXITY_LOW.mid
185,43.16844610625944,0.8995746169306179,0,TEMPO_SLOW,COMPLEXITY_LOW,step185_TEMPO_SLOW_COMPLEXITY_LOW.mid
186,82.09320916326493,0.8904027126562185,0,TEMPO_SLOW,COMPLEXITY_LOW,step186_TEMPO_SLOW_COMPLEXITY_LOW.mid
187,67.76392929412138,0.8829986652635421,0,TEMPO_SLOW,COMPLEXITY_LOW,step187_TEMPO_SLOW_COMPLEXITY_LOW.mid
188,31.402947707445467,0.8817937936736567,0,TEMPO_SLOW,COMPLEXITY_LOW,step188_TEMPO_SLOW_COMPLEXITY_LOW.mid
189,77.37531114968264,0.8659063993630227,0,TEMPO_SLOW,COMPLEXITY_LOW,step189_TEMPO_SLOW_COMPLEXITY_LOW.mid
190,70.01862402068872,0.8532904772565042,0,TEMPO_SLOW,COMPLEXITY_LOW,step190_TEMPO_SLOW_COMPLEXITY_LOW.mid
191,49.83896971742426,0.8487097451369775,0,TEMPO_SLOW,COMPLEXITY_LOW,step191_TEMPO_SLOW_COMPLEXITY_LOW.mid
192,46.105469151872725,0.8383062429588761,0,TEMPO_SLOW,COMPLEXITY_LOW,step192_TEMPO_SLOW_COMPLEXITY_LOW.mid
193,42.253956328334816,0.8393551825955997,0,TEMPO_SLOW,COMPLEXITY_LOW,step193_TEMPO_SLOW_COMPLEXITY_LOW.mid
194,45.032661822257126,0.8316101041122046,0,TEMPO_SLOW,COMPLEXITY_LOW,step194_TEMPO_SLOW_COMPLEXITY_LOW.mid
195,42.26576105813225,0.830155743414438,0,TEMPO_SLOW,COMPLEXITY_LOW,step195_TEMPO_SLOW_COMPLEXITY_LOW.mid
196,69.93096693207106,0.8327343341049324,0,TEMPO_SLOW,COMPLEXITY_LOW,step196_TEMPO_SLOW_COMPLEXITY_LOW.mid
197,44.69853670617719,0.8236434016165481,0,TEMPO_SLOW,COMPLEXITY_LOW,step197_TEMPO_SLOW_COMPLEXITY_LOW.mid
198,73.44595557294272,0.8138151096163854,0,TEMPO_SLOW,COMPLEXITY_LOW,step198_TEMPO_SLOW_COMPLEXITY_LOW.mid
199,53.28494829016647,0.8199109939228157,0,TEMPO_SLOW,COMPLEXITY_LOW,step199_TEMPO_SLOW_COMPLEXITY_LOW.mid
200,64.71006328423296,0.8050018637188441,0,TEMPO_SLOW,COMPLEXITY_LOW,step200_TEMPO_SLOW_COMPLEXITY_LOW.mid
201,38.28227892665996,0.7995562173751075,0,TEMPO_SLOW,COMPLEXITY_LOW,step201_TEMPO_SLOW_COMPLEXITY_LOW.mid
202,86.27869728642277,0.798415898734515,0,TEMPO_SLOW,COMPLEXITY_LOW,step202_TEMPO_SLOW_COMPLEXITY_LOW.mid
203,48.80349450671326,0.7983977821365796,0,TEMPO_SLOW,COMPLEXITY_LOW,step203_TEMPO_SLOW_COMPLEXITY_LOW.mid
204,72.68717973419945,0.7946069621996729,0,TEMPO_SLOW,COMPLEXITY_LOW,step204_TEMPO_SLOW_COMPLEXITY_LOW.mid
205,53.16617279341322,0.7921547556196861,0,TEMPO_SLOW,COMPLEXITY_LOW,step205_TEMPO_SLOW_COMPLEXITY_LOW.mid
206,24.64742099654803,0.7872910964511588,0,TEMPO_SLOW,COMPLEXITY_LOW,step206_TEMPO_SLOW_COMPLEXITY_LOW.mid
207,32.65039413968551,0.7822284289928627,0,TEMPO_SLOW,COMPLEXITY_LOW,step207_TEMPO_SLOW_COMPLEXITY_LOW.mid
208,41.395418889163054,0.7863671521203793,0,TEMPO_SLOW,COMPLEXITY_LOW,step208_TEMPO_SLOW_COMPLEXITY_LOW.mid
209,55.66098016052562,0.7777099461662557,0,TEMPO_SLOW,COMPLEXITY_LOW,step209_TEMPO_SLOW_COMPLEXITY_LOW.mid
210,60.44881270063209,0.7775337028457715,0,TEMPO_SLOW,COMPLEXITY_LOW,step210_TEMPO_SLOW_COMPLEXITY_LOW.mid
211,80.85989114180684,0.7832968752948891,0,TEMPO_SLOW,COMPLEXITY_LOW,step211_TEMPO_SLOW_COMPLEXITY_LOW.mid
212,66.39331715133892,0.781242470246846,0,TEMPO_SLOW,COMPLEXITY_LOW,step212_TEMPO_SLOW_COMPLEXITY_LOW.mid
213,55.20195862311108,0.776236216632527,0,TEMPO_SLOW,COMPLEXITY_LOW,step213_TEMPO_SLOW_COMPLEXITY_LOW.mid
214,218.0443379987963,0.6970439029185546,2,TEMPO_FAST,COMPLEXITY_LOW,step214_TEMPO_FAST_COMPLEXITY_LOW.mid
215,73.46555797526331,0.6797417022328458,0,TEMPO_SLOW,COMPLEXITY_LOW,step215_TEMPO_SLOW_COMPLEXITY_LOW.mid
216,54.18137614841292,0.6728746206441816,0,TEMPO_SLOW,COMPLEXITY_LOW,step216_TEMPO_SLOW_COMPLEXITY_LOW.mid
217,80.36495552849827,0.6682047163161078,0,TEMPO_SLOW,COMPLEXITY_LOW,step217_TEMPO_SLOW_COMPLEXITY_LOW.mid
218,36.98409292184546,0.6612469781213421,0,TEMPO_SLOW,COMPLEXITY_LOW,step218_TEMPO_SLOW_COMPLEXITY_LOW.mid
219,116.11458738073097,0.6641432167788808,2,TEMPO_FAST,COMPLEXITY_LOW,step219_TEMPO_FAST_COMPLEXITY_LOW.mid
220,66.52859852551163,0.6549344150092592,0,TEMPO_SLOW,COMPLEXITY_LOW,step220_TEMPO_SLOW_COMPLEXITY_LOW.mid
221,77.44466241750591,0.6570058478121913,0,TEMPO_SLOW,COMPLEXITY_LOW,step221_TEMPO_SLOW_COMPLEXITY_LOW.mid
222,51.3910798086616,0.6476191153802514,0,TEMPO_SLOW,COMPLEXITY_LOW,step222_TEMPO_SLOW_COMPLEXITY_LOW.mid
223,77.26107931175453,0.6456038534947969,0,TEMPO_SLOW,COMPLEXITY_LOW,step223_TEMPO_SLOW_COMPLEXITY_LOW.mid
224,62.77908212077839,0.6485901817548737,0,TEMPO_SLOW,COMPLEXITY_LOW,step224_TEMPO_SLOW_COMPLEXITY_LOW.mid
225,31.66004227167093,0.6342417807683028,0,TEMPO_SLOW,COMPLEXITY_LOW,step225_TEMPO_SLOW_COMPLEXITY_LOW.mid
226,50.188512903434926,0.6254481035481749,0,TEMPO_SLOW,COMPLEXITY_LOW,step226_TEMPO_SLOW_COMPLEXITY_LOW.mid
227,60.07478332742232,0.6228945942018921,0,TEMPO_SLOW,COMPLEXITY_LOW,step227_TEMPO_SLOW_COMPLEXITY_LOW.mid
228,38.412853445598415,0.6243758034573218,0,TEMPO_SLOW,COMPLEXITY_LOW,step228_TEMPO_SLOW_COMPLEXITY_LOW.mid
229,52.07355690557525,0.6118926885681301,0,TEMPO_SLOW,COMPLEXITY_LOW,step229_TEMPO_SLOW_COMPLEXITY_LOW.mid
230,78.39084587216347,0.6070938127326932,0,TEMPO_SLOW,COMPLEXITY_LOW,step230_TEMPO_SLOW_COMPLEXITY_LOW.mid
231,48.97417061834841,0.5873558929673007,0,TEMPO_SLOW,COMPLEXITY_LOW,step231_TEMPO_SLOW_COMPLEXITY_LOW.mid
232,56.57355295033216,0.5712275399031702,0,TEMPO_SLOW,COMPLEXITY_LOW,step232_TEMPO_SLOW_COMPLEXITY_LOW.mid
233,70.52909854447734,0.5449605710195109,0,TEMPO_SLOW,COMPLEXITY_LOW,step233_TEMPO_SLOW_COMPLEXITY_LOW.mid
234,36.260896399699625,0.5357049814762352,0,TEMPO_SLOW,COMPLEXITY_LOW,step234_TEMPO_SLOW_COMPLEXITY_LOW.mid
235,25.73896522911824,0.5092513099053944,0,TEMPO_SLOW,COMPLEXITY_LOW,step235_TEMPO_SLOW_COMPLEXITY_LOW.mid
236,42.33678811763965,0.5021332587153873,0,TEMPO_SLOW,COMPLEXITY_LOW,step236_TEMPO_SLOW_COMPLEXITY_LOW.mid
237,39.18168043400711,0.5062851193538972,0,TEMPO_SLOW,COMPLEXITY_LOW,step237_TEMPO_SLOW_COMPLEXITY_LOW.mid
238,78.55396631350173,0.5155013117011741,0,TEMPO_SLOW,COMPLEXITY_LOW,step238_TEMPO_SLOW_COMPLEXITY_LOW.mid
239,31.267988020177004,0.4939787228628332,0,TEMPO_SLOW,COMPLEXITY_LOW,step239_TEMPO_SLOW_COMPLEXITY_LOW.mid
240,34.614822562640455,0.4870821536266746,0,TEMPO_SLOW,COMPLEXITY_LOW,step240_TEMPO_SLOW_COMPLEXITY_LOW.mid
241,44.1876795092044,0.4926376536191631,0,TEMPO_SLOW,COMPLEXITY_LOW,step241_TEMPO_SLOW_COMPLEXITY_LOW.mid
242,44.44097208657793,0.4954012158321588,0,TEMPO_SLOW,COMPLEXITY_LOW,step242_TEMPO_SLOW_COMPLEXITY_LOW.mid
243,64.9087969957666,0.4850422392869393,0,TEMPO_SLOW,COMPLEXITY_LOW,step243_TEMPO_SLOW_COMPLEXITY_LOW.mid
244,93.89722755440452,0.481685961264564,2,TEMPO_FAST,COMPLEXITY_LOW,step244_TEMPO_FAST_COMPLEXITY_LOW.mid
245,24.248337250426623,0.4773351952967424,0,TEMPO_SLOW,COMPLEXITY_LOW,step245_TEMPO_SLOW_COMPLEXITY_LOW.mid
246,76.19605634327522,0.4843187616135285,0,TEMPO_SLOW,COMPLEXITY_LOW,step246_TEMPO_SLOW_COMPLEXITY_LOW.mid
247,78.62660400362498,0.4727761008057728,0,TEMPO_SLOW,COMPLEXITY_LOW,step247_TEMPO_SLOW_COMPLEXITY_LOW.mid
248,60.27168271221112,0.4790345650083045,0,TEMPO_SLOW,COMPLEXITY_LOW,step248_TEMPO_SLOW_COMPLEXITY_LOW.mid
249,59.740083286018354,0.4692291467386276,0,TEMPO_SLOW,COMPLEXITY_LOW,step249_TEMPO_SLOW_COMPLEXITY_LOW.mid
250,40.82732844920569,0.4704679236296838,0,TEMPO_SLOW,COMPLEXITY_LOW,step250_TEMPO_SLOW_COMPLEXITY_LOW.mid
